draw_type,draw_date,draw_number,number,source
midday,2026-02-07,,7-4-5,manual
midday,2026-02-08,,3-3-3,manual
midday,2026-02-09,,7-5-6,manual
midday,2026-02-10,,9-5-0,manual
midday,2026-02-11,,7-6-0,manual
midday,2026-03-12,,1-6-0,manual
midday,2026-03-13,,3-7-0,manual
midday,2026-03-15,,4-2-7,manual
midday,2026-03-14,,6-9-8,manual
midday,2026-03-11,,2-4-4,manual
midday,2026-03-10,,5-7-3,manual
midday,2026-03-09,,9-0-5,manual
midday,2026-03-08,,9-6-0,manual
midday,2026-03-08,,5-3-7,manual
midday,2026-03-07,,3-5-1,manual
midday,2026-03-07,,6-6-0,manual
midday,2026-03-06,,6-6-6,manual
midday,2026-03-06,,5-5-9,manual
midday,2026-03-05,,0-1-1,manual
midday,2026-03-05,,0-9-3,manual
midday,2026-03-04,,1-6-3,manual
midday,2026-03-04,,6-3-3,manual
midday,2026-03-03,,4-0-8,manual
midday,2026-03-03,,0-1-9,manual
midday,2026-03-02,,0-9-9,manual
midday,2026-03-02,,6-7-5,manual
midday,2026-03-01,,5-8-4,manual
midday,2026-03-01,,6-7-9,manual
midday,2026-02-28,,9-2-5,manual
midday,2026-02-28,,0-0-1,manual
midday,2026-02-27,,5-0-0,manual
midday,2026-02-27,,6-6-7,manual
midday,2026-02-26,,9-7-9,manual
midday,2026-02-26,,0-1-0,manual
midday,2026-02-25,,1-4-4,manual
midday,2026-02-24,,6-8-4,manual
midday,2026-02-24,,4-4-4,manual
midday,2026-02-23,,3-7-4,manual
midday,2026-02-23,,2-8-1,manual
midday,2026-02-22,,5-5-5,manual
midday,2026-02-22,,2-1-8,manual
midday,2026-02-21,,3-3-4,manual
midday,2026-02-21,,3-6-3,manual
midday,2026-02-20,,1-4-9,manual
midday,2026-02-20,,0-1-2,manual
midday,2026-02-19,,4-0-4,manual
midday,2026-02-19,,2-8-8,manual
midday,2026-02-18,,2-0-6,manual
midday,2026-02-18,,3-3-8,manual
midday,2026-02-17,,5-8-9,manual
midday,2026-02-17,,2-6-3,manual
midday,2026-02-16,,0-5-0,manual
midday,2026-02-16,,8-6-4,manual
midday,2026-02-15,,6-3-2,manual
midday,2026-02-15,,4-3-6,manual
