draw_type,draw_date,draw_number,digits,source,number
evening,2026-02-06,2624.0,"(0, 7, 7)",Jan 24 to Feb 06.xlsx,0-7-7
evening,2026-02-05,2622.0,"(1, 1, 4)",Jan 24 to Feb 06.xlsx,1-1-4
evening,2026-02-04,2620.0,"(2, 4, 7)",Jan 24 to Feb 06.xlsx,2-4-7
evening,2026-02-03,2618.0,"(2, 4, 0)",Jan 24 to Feb 06.xlsx,2-4-0
evening,2026-02-02,2616.0,"(0, 3, 4)",Jan 24 to Feb 06.xlsx,0-3-4
evening,2026-02-01,2614.0,"(6, 4, 1)",Jan 24 to Feb 06.xlsx,6-4-1
evening,2026-01-31,2612.0,"(8, 9, 0)",Jan 24 to Feb 06.xlsx,8-9-0
evening,2026-01-30,2610.0,"(2, 3, 2)",Jan 24 to Feb 06.xlsx,2-3-2
evening,2026-01-29,2608.0,"(9, 8, 6)",Jan 24 to Feb 06.xlsx,9-8-6
evening,2026-01-28,2606.0,"(1, 1, 6)",Jan 24 to Feb 06.xlsx,1-1-6
evening,2026-01-27,2604.0,"(7, 8, 9)",Jan 24 to Feb 06.xlsx,7-8-9
evening,2026-01-26,2602.0,"(2, 8, 3)",Jan 24 to Feb 06.xlsx,2-8-3
evening,2026-01-25,2600.0,"(4, 0, 9)",Jan 24 to Feb 06.xlsx,4-0-9
evening,2026-01-24,2598.0,"(5, 2, 2)",Jan 24 to Feb 06.xlsx,5-2-2
evening,2026-01-23,2596.0,"(9, 6, 5)",1 year of data 2025 - 2026.xlsx,9-6-5
evening,2026-01-22,2594.0,"(5, 6, 7)",1 year of data 2025 - 2026.xlsx,5-6-7
evening,2026-01-21,2592.0,"(1, 6, 5)",1 year of data 2025 - 2026.xlsx,1-6-5
evening,2026-01-20,2590.0,"(5, 9, 6)",1 year of data 2025 - 2026.xlsx,5-9-6
evening,2026-01-19,2588.0,"(5, 5, 9)",1 year of data 2025 - 2026.xlsx,5-5-9
evening,2026-01-18,2586.0,"(2, 3, 7)",1 year of data 2025 - 2026.xlsx,2-3-7
evening,2026-01-17,2584.0,"(8, 7, 2)",1 year of data 2025 - 2026.xlsx,8-7-2
evening,2026-01-16,2582.0,"(1, 3, 8)",1 year of data 2025 - 2026.xlsx,1-3-8
evening,2026-01-15,2580.0,"(2, 5, 4)",1 year of data 2025 - 2026.xlsx,2-5-4
evening,2026-01-14,2578.0,"(0, 6, 7)",1 year of data 2025 - 2026.xlsx,0-6-7
evening,2026-01-13,2576.0,"(8, 1, 0)",1 year of data 2025 - 2026.xlsx,8-1-0
evening,2026-01-12,2574.0,"(4, 7, 5)",1 year of data 2025 - 2026.xlsx,4-7-5
evening,2026-01-11,2572.0,"(3, 7, 3)",1 year of data 2025 - 2026.xlsx,3-7-3
evening,2026-01-10,2570.0,"(1, 5, 7)",1 year of data 2025 - 2026.xlsx,1-5-7
evening,2026-01-09,2568.0,"(2, 4, 9)",1 year of data 2025 - 2026.xlsx,2-4-9
evening,2026-01-08,2566.0,"(6, 1, 0)",1 year of data 2025 - 2026.xlsx,6-1-0
evening,2026-01-07,2564.0,"(2, 2, 9)",1 year of data 2025 - 2026.xlsx,2-2-9
evening,2026-01-06,2562.0,"(1, 8, 9)",1 year of data 2025 - 2026.xlsx,1-8-9
evening,2026-01-05,2560.0,"(9, 3, 0)",1 year of data 2025 - 2026.xlsx,9-3-0
evening,2026-01-04,2558.0,"(9, 6, 9)",1 year of data 2025 - 2026.xlsx,9-6-9
evening,2026-01-03,2556.0,"(8, 8, 2)",1 year of data 2025 - 2026.xlsx,8-8-2
evening,2026-01-02,2554.0,"(0, 7, 8)",1 year of data 2025 - 2026.xlsx,0-7-8
evening,2026-01-01,2552.0,"(5, 1, 6)",1 year of data 2025 - 2026.xlsx,5-1-6
evening,2025-12-31,2550.0,"(7, 5, 3)",1 year of data 2025 - 2026.xlsx,7-5-3
evening,2025-12-30,2548.0,"(3, 7, 3)",1 year of data 2025 - 2026.xlsx,3-7-3
evening,2025-12-29,2546.0,"(9, 3, 7)",1 year of data 2025 - 2026.xlsx,9-3-7
evening,2025-12-28,2544.0,"(4, 5, 7)",1 year of data 2025 - 2026.xlsx,4-5-7
evening,2025-12-27,2542.0,"(9, 8, 4)",1 year of data 2025 - 2026.xlsx,9-8-4
evening,2025-12-26,2540.0,"(4, 9, 7)",1 year of data 2025 - 2026.xlsx,4-9-7
evening,2025-12-25,2538.0,"(6, 8, 2)",1 year of data 2025 - 2026.xlsx,6-8-2
evening,2025-12-24,2536.0,"(3, 8, 9)",1 year of data 2025 - 2026.xlsx,3-8-9
evening,2025-12-23,2534.0,"(2, 9, 1)",1 year of data 2025 - 2026.xlsx,2-9-1
evening,2025-12-22,2532.0,"(5, 3, 4)",1 year of data 2025 - 2026.xlsx,5-3-4
evening,2025-12-21,2530.0,"(7, 6, 3)",1 year of data 2025 - 2026.xlsx,7-6-3
evening,2025-12-20,2528.0,"(4, 0, 9)",1 year of data 2025 - 2026.xlsx,4-0-9
evening,2025-12-19,2526.0,"(0, 5, 9)",1 year of data 2025 - 2026.xlsx,0-5-9
evening,2025-12-18,2524.0,"(9, 0, 0)",1 year of data 2025 - 2026.xlsx,9-0-0
evening,2025-12-17,2522.0,"(1, 1, 1)",1 year of data 2025 - 2026.xlsx,1-1-1
evening,2025-12-16,2520.0,"(7, 3, 4)",1 year of data 2025 - 2026.xlsx,7-3-4
evening,2025-12-15,2518.0,"(1, 3, 6)",1 year of data 2025 - 2026.xlsx,1-3-6
evening,2025-12-14,2516.0,"(0, 1, 9)",1 year of data 2025 - 2026.xlsx,0-1-9
evening,2025-12-13,2514.0,"(7, 5, 0)",1 year of data 2025 - 2026.xlsx,7-5-0
evening,2025-12-12,2512.0,"(6, 9, 0)",1 year of data 2025 - 2026.xlsx,6-9-0
evening,2025-12-11,2510.0,"(8, 7, 5)",1 year of data 2025 - 2026.xlsx,8-7-5
evening,2025-12-10,2508.0,"(6, 8, 5)",1 year of data 2025 - 2026.xlsx,6-8-5
evening,2025-12-09,2506.0,"(4, 3, 4)",1 year of data 2025 - 2026.xlsx,4-3-4
evening,2025-12-08,2504.0,"(8, 8, 4)",1 year of data 2025 - 2026.xlsx,8-8-4
evening,2025-12-07,2502.0,"(2, 9, 6)",1 year of data 2025 - 2026.xlsx,2-9-6
evening,2025-12-06,2500.0,"(1, 0, 7)",1 year of data 2025 - 2026.xlsx,1-0-7
evening,2025-12-05,2498.0,"(4, 3, 0)",1 year of data 2025 - 2026.xlsx,4-3-0
evening,2025-12-04,2496.0,"(7, 4, 4)",1 year of data 2025 - 2026.xlsx,7-4-4
evening,2025-12-03,2494.0,"(1, 3, 7)",1 year of data 2025 - 2026.xlsx,1-3-7
evening,2025-12-02,2492.0,"(5, 4, 6)",1 year of data 2025 - 2026.xlsx,5-4-6
evening,2025-12-01,2490.0,"(3, 3, 6)",1 year of data 2025 - 2026.xlsx,3-3-6
evening,2025-11-30,2488.0,"(7, 0, 4)",1 year of data 2025 - 2026.xlsx,7-0-4
evening,2025-11-29,2486.0,"(2, 6, 1)",1 year of data 2025 - 2026.xlsx,2-6-1
evening,2025-11-28,2484.0,"(9, 9, 5)",1 year of data 2025 - 2026.xlsx,9-9-5
evening,2025-11-27,2482.0,"(9, 7, 1)",1 year of data 2025 - 2026.xlsx,9-7-1
evening,2025-11-26,2480.0,"(9, 6, 8)",1 year of data 2025 - 2026.xlsx,9-6-8
evening,2025-11-25,2478.0,"(5, 2, 9)",1 year of data 2025 - 2026.xlsx,5-2-9
evening,2025-11-24,2476.0,"(8, 6, 8)",1 year of data 2025 - 2026.xlsx,8-6-8
evening,2025-11-23,2474.0,"(1, 2, 3)",1 year of data 2025 - 2026.xlsx,1-2-3
evening,2025-11-22,2472.0,"(5, 2, 1)",1 year of data 2025 - 2026.xlsx,5-2-1
evening,2025-11-21,2470.0,"(2, 6, 5)",1 year of data 2025 - 2026.xlsx,2-6-5
evening,2025-11-20,2468.0,"(2, 2, 6)",1 year of data 2025 - 2026.xlsx,2-2-6
evening,2025-11-19,2466.0,"(9, 2, 3)",1 year of data 2025 - 2026.xlsx,9-2-3
evening,2025-11-18,2464.0,"(6, 8, 7)",1 year of data 2025 - 2026.xlsx,6-8-7
evening,2025-11-17,2462.0,"(0, 7, 6)",1 year of data 2025 - 2026.xlsx,0-7-6
evening,2025-11-16,2460.0,"(9, 4, 6)",1 year of data 2025 - 2026.xlsx,9-4-6
evening,2025-11-15,2458.0,"(3, 0, 2)",1 year of data 2025 - 2026.xlsx,3-0-2
evening,2025-11-14,2456.0,"(1, 9, 1)",1 year of data 2025 - 2026.xlsx,1-9-1
evening,2025-11-13,2454.0,"(8, 7, 9)",1 year of data 2025 - 2026.xlsx,8-7-9
evening,2025-11-12,2452.0,"(6, 7, 1)",1 year of data 2025 - 2026.xlsx,6-7-1
evening,2025-11-11,2450.0,"(6, 9, 3)",1 year of data 2025 - 2026.xlsx,6-9-3
evening,2025-11-10,2448.0,"(4, 8, 1)",1 year of data 2025 - 2026.xlsx,4-8-1
evening,2025-11-09,2446.0,"(9, 6, 7)",1 year of data 2025 - 2026.xlsx,9-6-7
evening,2025-11-08,2444.0,"(9, 3, 8)",1 year of data 2025 - 2026.xlsx,9-3-8
evening,2025-11-07,2442.0,"(7, 0, 5)",1 year of data 2025 - 2026.xlsx,7-0-5
evening,2025-11-06,2440.0,"(2, 6, 8)",1 year of data 2025 - 2026.xlsx,2-6-8
evening,2025-11-05,2438.0,"(2, 5, 3)",1 year of data 2025 - 2026.xlsx,2-5-3
evening,2025-11-04,2436.0,"(3, 9, 3)",1 year of data 2025 - 2026.xlsx,3-9-3
evening,2025-11-03,2434.0,"(8, 1, 1)",1 year of data 2025 - 2026.xlsx,8-1-1
evening,2025-11-02,2432.0,"(0, 1, 6)",1 year of data 2025 - 2026.xlsx,0-1-6
evening,2025-11-01,2430.0,"(9, 9, 2)",1 year of data 2025 - 2026.xlsx,9-9-2
evening,2025-10-31,2428.0,"(9, 9, 8)",1 year of data 2025 - 2026.xlsx,9-9-8
evening,2025-10-30,2426.0,"(7, 1, 6)",1 year of data 2025 - 2026.xlsx,7-1-6
evening,2025-10-29,2424.0,"(0, 8, 6)",1 year of data 2025 - 2026.xlsx,0-8-6
evening,2025-10-28,2422.0,"(2, 9, 9)",1 year of data 2025 - 2026.xlsx,2-9-9
evening,2025-10-27,2420.0,"(0, 4, 3)",1 year of data 2025 - 2026.xlsx,0-4-3
evening,2025-10-26,2418.0,"(4, 1, 5)",1 year of data 2025 - 2026.xlsx,4-1-5
evening,2025-10-25,2416.0,"(6, 5, 7)",1 year of data 2025 - 2026.xlsx,6-5-7
evening,2025-10-24,2414.0,"(4, 8, 1)",1 year of data 2025 - 2026.xlsx,4-8-1
evening,2025-10-23,2412.0,"(9, 3, 5)",1 year of data 2025 - 2026.xlsx,9-3-5
evening,2025-10-22,2410.0,"(0, 8, 5)",1 year of data 2025 - 2026.xlsx,0-8-5
evening,2025-10-21,2408.0,"(8, 7, 3)",1 year of data 2025 - 2026.xlsx,8-7-3
evening,2025-10-20,2406.0,"(1, 2, 9)",1 year of data 2025 - 2026.xlsx,1-2-9
evening,2025-10-19,2404.0,"(0, 3, 2)",1 year of data 2025 - 2026.xlsx,0-3-2
evening,2025-10-18,2402.0,"(5, 1, 1)",1 year of data 2025 - 2026.xlsx,5-1-1
evening,2025-10-17,2400.0,"(6, 1, 1)",1 year of data 2025 - 2026.xlsx,6-1-1
evening,2025-10-16,2398.0,"(5, 0, 0)",1 year of data 2025 - 2026.xlsx,5-0-0
evening,2025-10-15,2396.0,"(7, 4, 4)",1 year of data 2025 - 2026.xlsx,7-4-4
evening,2025-10-14,2394.0,"(8, 5, 6)",1 year of data 2025 - 2026.xlsx,8-5-6
evening,2025-10-13,2392.0,"(1, 6, 8)",1 year of data 2025 - 2026.xlsx,1-6-8
evening,2025-10-12,2390.0,"(6, 0, 5)",1 year of data 2025 - 2026.xlsx,6-0-5
evening,2025-10-11,2388.0,"(4, 9, 1)",1 year of data 2025 - 2026.xlsx,4-9-1
evening,2025-10-10,2386.0,"(6, 1, 3)",1 year of data 2025 - 2026.xlsx,6-1-3
evening,2025-10-09,2384.0,"(6, 6, 4)",1 year of data 2025 - 2026.xlsx,6-6-4
evening,2025-10-08,2382.0,"(7, 2, 5)",1 year of data 2025 - 2026.xlsx,7-2-5
evening,2025-10-07,2380.0,"(3, 4, 5)",1 year of data 2025 - 2026.xlsx,3-4-5
evening,2025-10-06,2378.0,"(7, 0, 8)",1 year of data 2025 - 2026.xlsx,7-0-8
evening,2025-10-05,2376.0,"(4, 7, 6)",1 year of data 2025 - 2026.xlsx,4-7-6
evening,2025-10-04,2374.0,"(7, 5, 0)",1 year of data 2025 - 2026.xlsx,7-5-0
evening,2025-10-03,2372.0,"(7, 3, 5)",1 year of data 2025 - 2026.xlsx,7-3-5
evening,2025-10-02,2370.0,"(6, 0, 5)",1 year of data 2025 - 2026.xlsx,6-0-5
evening,2025-10-01,2368.0,"(4, 1, 6)",1 year of data 2025 - 2026.xlsx,4-1-6
evening,2025-09-30,2366.0,"(2, 6, 1)",1 year of data 2025 - 2026.xlsx,2-6-1
evening,2025-09-29,2364.0,"(2, 1, 6)",1 year of data 2025 - 2026.xlsx,2-1-6
evening,2025-09-28,2362.0,"(3, 4, 8)",1 year of data 2025 - 2026.xlsx,3-4-8
evening,2025-09-27,2360.0,"(8, 8, 7)",1 year of data 2025 - 2026.xlsx,8-8-7
evening,2025-09-26,2358.0,"(1, 6, 6)",1 year of data 2025 - 2026.xlsx,1-6-6
evening,2025-09-25,2356.0,"(5, 1, 3)",1 year of data 2025 - 2026.xlsx,5-1-3
evening,2025-09-24,2354.0,"(1, 2, 0)",1 year of data 2025 - 2026.xlsx,1-2-0
evening,2025-09-23,2352.0,"(5, 8, 9)",1 year of data 2025 - 2026.xlsx,5-8-9
evening,2025-09-22,2350.0,"(4, 7, 9)",1 year of data 2025 - 2026.xlsx,4-7-9
evening,2025-09-21,2348.0,"(1, 6, 6)",1 year of data 2025 - 2026.xlsx,1-6-6
evening,2025-09-20,2346.0,"(3, 6, 2)",1 year of data 2025 - 2026.xlsx,3-6-2
evening,2025-09-19,2344.0,"(6, 3, 7)",1 year of data 2025 - 2026.xlsx,6-3-7
evening,2025-09-18,2342.0,"(9, 4, 7)",1 year of data 2025 - 2026.xlsx,9-4-7
evening,2025-09-17,2340.0,"(2, 9, 6)",1 year of data 2025 - 2026.xlsx,2-9-6
evening,2025-09-16,2338.0,"(2, 9, 0)",1 year of data 2025 - 2026.xlsx,2-9-0
evening,2025-09-15,2336.0,"(7, 1, 3)",1 year of data 2025 - 2026.xlsx,7-1-3
evening,2025-09-14,2334.0,"(8, 6, 8)",1 year of data 2025 - 2026.xlsx,8-6-8
evening,2025-09-13,2332.0,"(8, 8, 9)",1 year of data 2025 - 2026.xlsx,8-8-9
evening,2025-09-12,2330.0,"(4, 8, 9)",1 year of data 2025 - 2026.xlsx,4-8-9
evening,2025-09-11,2328.0,"(9, 9, 4)",1 year of data 2025 - 2026.xlsx,9-9-4
evening,2025-09-10,2326.0,"(0, 6, 2)",1 year of data 2025 - 2026.xlsx,0-6-2
evening,2025-09-09,2324.0,"(4, 7, 7)",1 year of data 2025 - 2026.xlsx,4-7-7
evening,2025-09-08,2322.0,"(8, 2, 0)",1 year of data 2025 - 2026.xlsx,8-2-0
evening,2025-09-07,2320.0,"(4, 9, 1)",1 year of data 2025 - 2026.xlsx,4-9-1
evening,2025-09-06,2318.0,"(0, 0, 9)",1 year of data 2025 - 2026.xlsx,0-0-9
evening,2025-09-05,2316.0,"(3, 9, 5)",1 year of data 2025 - 2026.xlsx,3-9-5
evening,2025-09-04,2314.0,"(8, 8, 9)",1 year of data 2025 - 2026.xlsx,8-8-9
evening,2025-09-03,2312.0,"(3, 1, 3)",1 year of data 2025 - 2026.xlsx,3-1-3
evening,2025-09-02,2310.0,"(4, 5, 8)",1 year of data 2025 - 2026.xlsx,4-5-8
evening,2025-09-01,2308.0,"(4, 9, 3)",1 year of data 2025 - 2026.xlsx,4-9-3
evening,2025-08-31,2306.0,"(1, 8, 9)",1 year of data 2025 - 2026.xlsx,1-8-9
evening,2025-08-30,2304.0,"(4, 5, 5)",1 year of data 2025 - 2026.xlsx,4-5-5
evening,2025-08-29,2302.0,"(0, 9, 1)",1 year of data 2025 - 2026.xlsx,0-9-1
evening,2025-08-28,2300.0,"(0, 6, 5)",1 year of data 2025 - 2026.xlsx,0-6-5
evening,2025-08-27,2298.0,"(7, 2, 8)",1 year of data 2025 - 2026.xlsx,7-2-8
evening,2025-08-26,2296.0,"(8, 2, 0)",1 year of data 2025 - 2026.xlsx,8-2-0
evening,2025-08-25,2294.0,"(4, 0, 2)",1 year of data 2025 - 2026.xlsx,4-0-2
evening,2025-08-24,2292.0,"(7, 0, 3)",1 year of data 2025 - 2026.xlsx,7-0-3
evening,2025-08-23,2290.0,"(6, 6, 8)",1 year of data 2025 - 2026.xlsx,6-6-8
evening,2025-08-22,2288.0,"(5, 8, 0)",1 year of data 2025 - 2026.xlsx,5-8-0
evening,2025-08-21,2286.0,"(8, 4, 5)",1 year of data 2025 - 2026.xlsx,8-4-5
evening,2025-08-20,2284.0,"(6, 1, 2)",1 year of data 2025 - 2026.xlsx,6-1-2
evening,2025-08-19,2282.0,"(0, 3, 6)",1 year of data 2025 - 2026.xlsx,0-3-6
evening,2025-08-18,2280.0,"(1, 3, 1)",1 year of data 2025 - 2026.xlsx,1-3-1
evening,2025-08-17,2278.0,"(6, 6, 7)",1 year of data 2025 - 2026.xlsx,6-6-7
evening,2025-08-16,2276.0,"(9, 2, 2)",1 year of data 2025 - 2026.xlsx,9-2-2
evening,2025-08-15,2274.0,"(0, 8, 1)",1 year of data 2025 - 2026.xlsx,0-8-1
evening,2025-08-14,2272.0,"(3, 8, 3)",1 year of data 2025 - 2026.xlsx,3-8-3
evening,2025-08-13,2270.0,"(2, 3, 8)",1 year of data 2025 - 2026.xlsx,2-3-8
evening,2025-08-12,2268.0,"(7, 4, 5)",1 year of data 2025 - 2026.xlsx,7-4-5
evening,2025-08-11,2266.0,"(6, 6, 8)",1 year of data 2025 - 2026.xlsx,6-6-8
evening,2025-08-10,2264.0,"(5, 0, 3)",1 year of data 2025 - 2026.xlsx,5-0-3
evening,2025-08-09,2262.0,"(1, 7, 1)",1 year of data 2025 - 2026.xlsx,1-7-1
evening,2025-08-08,2260.0,"(1, 8, 5)",1 year of data 2025 - 2026.xlsx,1-8-5
evening,2025-08-07,2258.0,"(6, 4, 4)",1 year of data 2025 - 2026.xlsx,6-4-4
evening,2025-08-06,2256.0,"(0, 9, 2)",1 year of data 2025 - 2026.xlsx,0-9-2
evening,2025-08-05,2254.0,"(1, 4, 9)",1 year of data 2025 - 2026.xlsx,1-4-9
evening,2025-08-04,2252.0,"(0, 4, 9)",1 year of data 2025 - 2026.xlsx,0-4-9
evening,2025-08-03,2250.0,"(6, 7, 3)",1 year of data 2025 - 2026.xlsx,6-7-3
evening,2025-08-02,2248.0,"(4, 7, 1)",1 year of data 2025 - 2026.xlsx,4-7-1
evening,2025-08-01,2246.0,"(6, 4, 2)",1 year of data 2025 - 2026.xlsx,6-4-2
evening,2025-07-31,2244.0,"(2, 3, 7)",1 year of data 2025 - 2026.xlsx,2-3-7
evening,2025-07-30,2242.0,"(9, 8, 7)",1 year of data 2025 - 2026.xlsx,9-8-7
evening,2025-07-29,2240.0,"(4, 1, 0)",1 year of data 2025 - 2026.xlsx,4-1-0
evening,2025-07-28,2238.0,"(5, 8, 1)",1 year of data 2025 - 2026.xlsx,5-8-1
evening,2025-07-27,2236.0,"(4, 1, 6)",1 year of data 2025 - 2026.xlsx,4-1-6
evening,2025-07-26,2234.0,"(2, 7, 2)",1 year of data 2025 - 2026.xlsx,2-7-2
evening,2025-07-25,2232.0,"(1, 0, 7)",1 year of data 2025 - 2026.xlsx,1-0-7
evening,2025-07-24,2230.0,"(5, 5, 8)",1 year of data 2025 - 2026.xlsx,5-5-8
evening,2025-07-23,2228.0,"(8, 2, 7)",1 year of data 2025 - 2026.xlsx,8-2-7
evening,2025-07-22,2226.0,"(4, 9, 9)",1 year of data 2025 - 2026.xlsx,4-9-9
evening,2025-07-21,2224.0,"(7, 4, 3)",1 year of data 2025 - 2026.xlsx,7-4-3
evening,2025-07-20,2222.0,"(0, 4, 2)",1 year of data 2025 - 2026.xlsx,0-4-2
evening,2025-07-19,2220.0,"(9, 4, 9)",1 year of data 2025 - 2026.xlsx,9-4-9
evening,2025-07-18,2218.0,"(0, 4, 6)",1 year of data 2025 - 2026.xlsx,0-4-6
evening,2025-07-17,2216.0,"(8, 2, 8)",1 year of data 2025 - 2026.xlsx,8-2-8
evening,2025-07-16,2214.0,"(7, 9, 0)",1 year of data 2025 - 2026.xlsx,7-9-0
evening,2025-07-15,2212.0,"(2, 9, 8)",1 year of data 2025 - 2026.xlsx,2-9-8
evening,2025-07-14,2210.0,"(1, 9, 9)",1 year of data 2025 - 2026.xlsx,1-9-9
evening,2025-07-13,2208.0,"(4, 3, 4)",1 year of data 2025 - 2026.xlsx,4-3-4
evening,2025-07-12,2206.0,"(2, 6, 4)",1 year of data 2025 - 2026.xlsx,2-6-4
evening,2025-07-11,2204.0,"(2, 1, 4)",1 year of data 2025 - 2026.xlsx,2-1-4
evening,2025-07-10,2202.0,"(7, 7, 7)",1 year of data 2025 - 2026.xlsx,7-7-7
evening,2025-07-09,2200.0,"(5, 4, 8)",1 year of data 2025 - 2026.xlsx,5-4-8
evening,2025-07-08,2198.0,"(0, 0, 6)",1 year of data 2025 - 2026.xlsx,0-0-6
evening,2025-07-07,2196.0,"(3, 7, 4)",1 year of data 2025 - 2026.xlsx,3-7-4
evening,2025-07-06,2194.0,"(4, 5, 9)",1 year of data 2025 - 2026.xlsx,4-5-9
evening,2025-07-05,2192.0,"(9, 3, 9)",1 year of data 2025 - 2026.xlsx,9-3-9
evening,2025-07-04,2190.0,"(3, 7, 7)",1 year of data 2025 - 2026.xlsx,3-7-7
evening,2025-07-03,2188.0,"(1, 5, 6)",1 year of data 2025 - 2026.xlsx,1-5-6
evening,2025-07-02,2186.0,"(4, 4, 9)",1 year of data 2025 - 2026.xlsx,4-4-9
evening,2025-07-01,2184.0,"(9, 1, 0)",1 year of data 2025 - 2026.xlsx,9-1-0
evening,2025-06-30,2182.0,"(8, 4, 9)",1 year of data 2025 - 2026.xlsx,8-4-9
evening,2025-06-29,2180.0,"(5, 0, 5)",1 year of data 2025 - 2026.xlsx,5-0-5
evening,2025-06-28,2178.0,"(7, 9, 0)",1 year of data 2025 - 2026.xlsx,7-9-0
evening,2025-06-27,2176.0,"(9, 2, 7)",1 year of data 2025 - 2026.xlsx,9-2-7
evening,2025-06-26,2174.0,"(8, 1, 7)",1 year of data 2025 - 2026.xlsx,8-1-7
evening,2025-06-25,2172.0,"(9, 9, 8)",1 year of data 2025 - 2026.xlsx,9-9-8
evening,2025-06-24,2170.0,"(7, 8, 1)",1 year of data 2025 - 2026.xlsx,7-8-1
evening,2025-06-23,2168.0,"(1, 6, 9)",1 year of data 2025 - 2026.xlsx,1-6-9
evening,2025-06-22,2166.0,"(3, 5, 8)",1 year of data 2025 - 2026.xlsx,3-5-8
evening,2025-06-21,2164.0,"(8, 5, 2)",1 year of data 2025 - 2026.xlsx,8-5-2
evening,2025-06-20,2162.0,"(6, 8, 9)",1 year of data 2025 - 2026.xlsx,6-8-9
evening,2025-06-19,2160.0,"(7, 8, 7)",1 year of data 2025 - 2026.xlsx,7-8-7
evening,2025-06-18,2158.0,"(0, 2, 3)",1 year of data 2025 - 2026.xlsx,0-2-3
evening,2025-06-17,2156.0,"(8, 8, 0)",1 year of data 2025 - 2026.xlsx,8-8-0
evening,2025-06-16,2154.0,"(0, 4, 8)",1 year of data 2025 - 2026.xlsx,0-4-8
evening,2025-06-15,2152.0,"(9, 2, 9)",1 year of data 2025 - 2026.xlsx,9-2-9
evening,2025-06-14,2150.0,"(9, 2, 6)",1 year of data 2025 - 2026.xlsx,9-2-6
evening,2025-06-13,2148.0,"(1, 3, 4)",1 year of data 2025 - 2026.xlsx,1-3-4
evening,2025-06-12,2146.0,"(3, 6, 6)",1 year of data 2025 - 2026.xlsx,3-6-6
evening,2025-06-11,2144.0,"(7, 0, 4)",1 year of data 2025 - 2026.xlsx,7-0-4
evening,2025-06-10,2142.0,"(3, 1, 1)",1 year of data 2025 - 2026.xlsx,3-1-1
evening,2025-06-09,2140.0,"(5, 4, 3)",1 year of data 2025 - 2026.xlsx,5-4-3
evening,2025-06-08,2138.0,"(8, 6, 6)",1 year of data 2025 - 2026.xlsx,8-6-6
evening,2025-06-07,2136.0,"(8, 7, 5)",1 year of data 2025 - 2026.xlsx,8-7-5
evening,2025-06-06,2134.0,"(1, 5, 7)",1 year of data 2025 - 2026.xlsx,1-5-7
evening,2025-06-05,2132.0,"(2, 8, 8)",1 year of data 2025 - 2026.xlsx,2-8-8
evening,2025-06-04,2130.0,"(7, 3, 2)",1 year of data 2025 - 2026.xlsx,7-3-2
evening,2025-06-03,2128.0,"(4, 4, 7)",1 year of data 2025 - 2026.xlsx,4-4-7
evening,2025-06-02,2126.0,"(9, 6, 0)",1 year of data 2025 - 2026.xlsx,9-6-0
evening,2025-06-01,2124.0,"(8, 9, 9)",1 year of data 2025 - 2026.xlsx,8-9-9
evening,2025-05-31,2122.0,"(9, 7, 9)",1 year of data 2025 - 2026.xlsx,9-7-9
evening,2025-05-30,2120.0,"(3, 1, 0)",1 year of data 2025 - 2026.xlsx,3-1-0
evening,2025-05-29,2118.0,"(8, 0, 1)",1 year of data 2025 - 2026.xlsx,8-0-1
evening,2025-05-28,2116.0,"(7, 5, 2)",1 year of data 2025 - 2026.xlsx,7-5-2
evening,2025-05-27,2114.0,"(7, 1, 2)",1 year of data 2025 - 2026.xlsx,7-1-2
evening,2025-05-26,2112.0,"(2, 9, 1)",1 year of data 2025 - 2026.xlsx,2-9-1
evening,2025-05-25,2110.0,"(5, 3, 5)",1 year of data 2025 - 2026.xlsx,5-3-5
evening,2025-05-24,2108.0,"(8, 1, 5)",1 year of data 2025 - 2026.xlsx,8-1-5
evening,2025-05-23,2106.0,"(9, 5, 1)",1 year of data 2025 - 2026.xlsx,9-5-1
evening,2025-05-22,2104.0,"(3, 8, 2)",1 year of data 2025 - 2026.xlsx,3-8-2
evening,2025-05-21,2102.0,"(6, 0, 0)",1 year of data 2025 - 2026.xlsx,6-0-0
evening,2025-05-20,2100.0,"(3, 3, 3)",1 year of data 2025 - 2026.xlsx,3-3-3
evening,2025-05-19,2098.0,"(1, 4, 2)",1 year of data 2025 - 2026.xlsx,1-4-2
evening,2025-05-18,2096.0,"(3, 9, 9)",1 year of data 2025 - 2026.xlsx,3-9-9
evening,2025-05-17,2094.0,"(7, 0, 3)",1 year of data 2025 - 2026.xlsx,7-0-3
evening,2025-05-16,2092.0,"(6, 6, 9)",1 year of data 2025 - 2026.xlsx,6-6-9
evening,2025-05-15,2090.0,"(9, 7, 1)",1 year of data 2025 - 2026.xlsx,9-7-1
evening,2025-05-14,2088.0,"(7, 9, 1)",1 year of data 2025 - 2026.xlsx,7-9-1
evening,2025-05-13,2086.0,"(2, 6, 9)",1 year of data 2025 - 2026.xlsx,2-6-9
evening,2025-05-12,2084.0,"(8, 2, 7)",1 year of data 2025 - 2026.xlsx,8-2-7
evening,2025-05-11,2082.0,"(2, 9, 1)",1 year of data 2025 - 2026.xlsx,2-9-1
evening,2025-05-10,2080.0,"(4, 1, 6)",1 year of data 2025 - 2026.xlsx,4-1-6
evening,2025-05-09,2078.0,"(9, 6, 1)",1 year of data 2025 - 2026.xlsx,9-6-1
evening,2025-05-08,2076.0,"(6, 1, 9)",1 year of data 2025 - 2026.xlsx,6-1-9
evening,2025-05-07,2074.0,"(3, 6, 6)",1 year of data 2025 - 2026.xlsx,3-6-6
evening,2025-05-06,2072.0,"(0, 2, 4)",1 year of data 2025 - 2026.xlsx,0-2-4
evening,2025-05-05,2070.0,"(6, 7, 9)",1 year of data 2025 - 2026.xlsx,6-7-9
evening,2025-05-04,2068.0,"(4, 7, 6)",1 year of data 2025 - 2026.xlsx,4-7-6
evening,2025-05-03,2066.0,"(8, 7, 0)",1 year of data 2025 - 2026.xlsx,8-7-0
evening,2025-05-02,2064.0,"(8, 2, 6)",1 year of data 2025 - 2026.xlsx,8-2-6
evening,2025-05-01,2062.0,"(3, 5, 9)",1 year of data 2025 - 2026.xlsx,3-5-9
evening,2025-04-30,2060.0,"(7, 8, 3)",1 year of data 2025 - 2026.xlsx,7-8-3
evening,2025-04-29,2058.0,"(6, 0, 6)",1 year of data 2025 - 2026.xlsx,6-0-6
evening,2025-04-28,2056.0,"(9, 8, 4)",1 year of data 2025 - 2026.xlsx,9-8-4
evening,2025-04-27,2054.0,"(9, 3, 1)",1 year of data 2025 - 2026.xlsx,9-3-1
evening,2025-04-26,2052.0,"(1, 2, 7)",1 year of data 2025 - 2026.xlsx,1-2-7
evening,2025-04-25,2050.0,"(2, 3, 4)",1 year of data 2025 - 2026.xlsx,2-3-4
evening,2025-04-24,2048.0,"(7, 9, 4)",1 year of data 2025 - 2026.xlsx,7-9-4
evening,2025-04-23,2046.0,"(6, 0, 9)",1 year of data 2025 - 2026.xlsx,6-0-9
evening,2025-04-22,2044.0,"(2, 2, 0)",1 year of data 2025 - 2026.xlsx,2-2-0
evening,2025-04-21,2042.0,"(3, 1, 1)",1 year of data 2025 - 2026.xlsx,3-1-1
evening,2025-04-20,2040.0,"(4, 0, 2)",1 year of data 2025 - 2026.xlsx,4-0-2
evening,2025-04-19,2038.0,"(1, 7, 8)",1 year of data 2025 - 2026.xlsx,1-7-8
evening,2025-04-18,2036.0,"(2, 7, 6)",1 year of data 2025 - 2026.xlsx,2-7-6
evening,2025-04-17,2034.0,"(7, 2, 9)",1 year of data 2025 - 2026.xlsx,7-2-9
evening,2025-04-16,2032.0,"(5, 1, 7)",1 year of data 2025 - 2026.xlsx,5-1-7
evening,2025-04-15,2030.0,"(1, 7, 7)",1 year of data 2025 - 2026.xlsx,1-7-7
evening,2025-04-14,2028.0,"(6, 4, 9)",1 year of data 2025 - 2026.xlsx,6-4-9
evening,2025-04-13,2026.0,"(5, 5, 1)",1 year of data 2025 - 2026.xlsx,5-5-1
evening,2025-04-12,2024.0,"(3, 8, 8)",1 year of data 2025 - 2026.xlsx,3-8-8
evening,2025-04-11,2022.0,"(8, 0, 9)",1 year of data 2025 - 2026.xlsx,8-0-9
evening,2025-04-10,2020.0,"(4, 6, 6)",1 year of data 2025 - 2026.xlsx,4-6-6
evening,2025-04-09,2018.0,"(4, 2, 3)",1 year of data 2025 - 2026.xlsx,4-2-3
evening,2025-04-08,2016.0,"(6, 6, 8)",1 year of data 2025 - 2026.xlsx,6-6-8
evening,2025-04-07,2014.0,"(6, 7, 1)",1 year of data 2025 - 2026.xlsx,6-7-1
evening,2025-04-06,2012.0,"(5, 2, 6)",1 year of data 2025 - 2026.xlsx,5-2-6
evening,2025-04-05,2010.0,"(4, 4, 2)",1 year of data 2025 - 2026.xlsx,4-4-2
evening,2025-04-04,2008.0,"(8, 9, 8)",1 year of data 2025 - 2026.xlsx,8-9-8
evening,2025-04-03,2006.0,"(0, 9, 7)",1 year of data 2025 - 2026.xlsx,0-9-7
evening,2025-04-02,2004.0,"(1, 9, 3)",1 year of data 2025 - 2026.xlsx,1-9-3
evening,2025-04-01,2002.0,"(9, 7, 4)",1 year of data 2025 - 2026.xlsx,9-7-4
evening,2025-03-31,2000.0,"(4, 0, 6)",1 year of data 2025 - 2026.xlsx,4-0-6
evening,2025-03-30,1998.0,"(8, 8, 9)",1 year of data 2025 - 2026.xlsx,8-8-9
evening,2025-03-29,1996.0,"(3, 9, 5)",1 year of data 2025 - 2026.xlsx,3-9-5
evening,2025-03-28,1994.0,"(4, 4, 1)",1 year of data 2025 - 2026.xlsx,4-4-1
evening,2025-03-27,1992.0,"(4, 7, 5)",1 year of data 2025 - 2026.xlsx,4-7-5
evening,2025-03-26,1990.0,"(8, 5, 0)",1 year of data 2025 - 2026.xlsx,8-5-0
evening,2025-03-25,1988.0,"(1, 7, 2)",1 year of data 2025 - 2026.xlsx,1-7-2
evening,2025-03-24,1986.0,"(3, 6, 4)",1 year of data 2025 - 2026.xlsx,3-6-4
evening,2025-03-23,1984.0,"(3, 3, 9)",1 year of data 2025 - 2026.xlsx,3-3-9
evening,2025-03-22,1982.0,"(0, 1, 2)",1 year of data 2025 - 2026.xlsx,0-1-2
evening,2025-03-21,1980.0,"(4, 3, 2)",1 year of data 2025 - 2026.xlsx,4-3-2
evening,2025-03-20,1978.0,"(7, 6, 5)",1 year of data 2025 - 2026.xlsx,7-6-5
evening,2025-03-19,1976.0,"(1, 4, 7)",1 year of data 2025 - 2026.xlsx,1-4-7
evening,2025-03-18,1974.0,"(5, 7, 3)",1 year of data 2025 - 2026.xlsx,5-7-3
evening,2025-03-17,1972.0,"(5, 4, 2)",1 year of data 2025 - 2026.xlsx,5-4-2
evening,2025-03-16,1970.0,"(8, 1, 2)",1 year of data 2025 - 2026.xlsx,8-1-2
evening,2025-03-15,1968.0,"(8, 9, 7)",1 year of data 2025 - 2026.xlsx,8-9-7
evening,2025-03-14,1966.0,"(2, 5, 3)",1 year of data 2025 - 2026.xlsx,2-5-3
evening,2025-03-13,1964.0,"(7, 1, 2)",1 year of data 2025 - 2026.xlsx,7-1-2
evening,2025-03-12,1962.0,"(4, 4, 5)",1 year of data 2025 - 2026.xlsx,4-4-5
evening,2025-03-11,1960.0,"(5, 2, 0)",1 year of data 2025 - 2026.xlsx,5-2-0
evening,2025-03-10,1958.0,"(9, 5, 6)",1 year of data 2025 - 2026.xlsx,9-5-6
evening,2025-03-09,1956.0,"(7, 8, 4)",1 year of data 2025 - 2026.xlsx,7-8-4
evening,2025-03-08,1954.0,"(7, 5, 7)",1 year of data 2025 - 2026.xlsx,7-5-7
evening,2025-03-07,1952.0,"(4, 2, 8)",1 year of data 2025 - 2026.xlsx,4-2-8
evening,2025-03-06,1950.0,"(1, 9, 0)",1 year of data 2025 - 2026.xlsx,1-9-0
evening,2025-03-05,1948.0,"(3, 5, 8)",1 year of data 2025 - 2026.xlsx,3-5-8
evening,2025-03-04,1946.0,"(7, 6, 3)",1 year of data 2025 - 2026.xlsx,7-6-3
evening,2025-03-03,1944.0,"(5, 9, 7)",1 year of data 2025 - 2026.xlsx,5-9-7
evening,2025-03-02,1942.0,"(3, 4, 4)",1 year of data 2025 - 2026.xlsx,3-4-4
evening,2025-03-01,1940.0,"(9, 7, 4)",1 year of data 2025 - 2026.xlsx,9-7-4
evening,2025-02-28,1938.0,"(6, 0, 9)",1 year of data 2025 - 2026.xlsx,6-0-9
evening,2025-02-27,1936.0,"(0, 3, 1)",1 year of data 2025 - 2026.xlsx,0-3-1
evening,2025-02-26,1934.0,"(5, 4, 0)",1 year of data 2025 - 2026.xlsx,5-4-0
evening,2025-02-25,1932.0,"(3, 0, 0)",1 year of data 2025 - 2026.xlsx,3-0-0
evening,2025-02-24,1930.0,"(6, 3, 6)",1 year of data 2025 - 2026.xlsx,6-3-6
evening,2025-02-23,1928.0,"(7, 3, 2)",1 year of data 2025 - 2026.xlsx,7-3-2
evening,2025-02-22,1926.0,"(7, 0, 9)",1 year of data 2025 - 2026.xlsx,7-0-9
evening,2025-02-21,1924.0,"(6, 7, 6)",1 year of data 2025 - 2026.xlsx,6-7-6
evening,2025-02-20,1922.0,"(8, 4, 1)",1 year of data 2025 - 2026.xlsx,8-4-1
evening,2025-02-19,1920.0,"(9, 4, 5)",1 year of data 2025 - 2026.xlsx,9-4-5
evening,2025-02-18,1918.0,"(4, 6, 3)",1 year of data 2025 - 2026.xlsx,4-6-3
evening,2025-02-17,1916.0,"(4, 4, 9)",1 year of data 2025 - 2026.xlsx,4-4-9
evening,2025-02-16,1914.0,"(9, 4, 7)",1 year of data 2025 - 2026.xlsx,9-4-7
evening,2025-02-15,1912.0,"(5, 4, 6)",1 year of data 2025 - 2026.xlsx,5-4-6
evening,2025-02-14,1910.0,"(9, 5, 4)",1 year of data 2025 - 2026.xlsx,9-5-4
evening,2025-02-13,1908.0,"(2, 5, 0)",1 year of data 2025 - 2026.xlsx,2-5-0
evening,2025-02-12,1906.0,"(2, 0, 8)",1 year of data 2025 - 2026.xlsx,2-0-8
evening,2025-02-11,1904.0,"(4, 5, 6)",1 year of data 2025 - 2026.xlsx,4-5-6
evening,2025-02-10,1902.0,"(7, 4, 5)",1 year of data 2025 - 2026.xlsx,7-4-5
evening,2025-02-09,1900.0,"(1, 6, 2)",1 year of data 2025 - 2026.xlsx,1-6-2
evening,2025-02-08,1898.0,"(1, 5, 5)",1 year of data 2025 - 2026.xlsx,1-5-5
evening,2025-02-07,1896.0,"(3, 0, 6)",1 year of data 2025 - 2026.xlsx,3-0-6
evening,2025-02-06,1894.0,"(3, 0, 1)",1 year of data 2025 - 2026.xlsx,3-0-1
evening,2025-02-05,1892.0,"(3, 5, 1)",1 year of data 2025 - 2026.xlsx,3-5-1
evening,2025-02-04,1890.0,"(9, 4, 8)",1 year of data 2025 - 2026.xlsx,9-4-8
evening,2025-02-03,1888.0,"(2, 7, 6)",1 year of data 2025 - 2026.xlsx,2-7-6
evening,2025-02-02,1886.0,"(1, 6, 7)",1 year of data 2025 - 2026.xlsx,1-6-7
evening,2025-02-01,1884.0,"(1, 9, 7)",1 year of data 2025 - 2026.xlsx,1-9-7
evening,2025-01-31,1882.0,"(0, 8, 9)",1 year of data 2025 - 2026.xlsx,0-8-9
evening,2025-01-30,1880.0,"(0, 5, 5)",1 year of data 2025 - 2026.xlsx,0-5-5
evening,2025-01-29,1878.0,"(2, 9, 7)",1 year of data 2025 - 2026.xlsx,2-9-7
evening,2025-01-28,1876.0,"(8, 9, 4)",1 year of data 2025 - 2026.xlsx,8-9-4
evening,2025-01-27,1874.0,"(2, 4, 2)",1 year of data 2025 - 2026.xlsx,2-4-2
evening,2025-01-26,1872.0,"(4, 8, 0)",1 year of data 2025 - 2026.xlsx,4-8-0
evening,2025-01-25,1870.0,"(0, 7, 3)",1 year of data 2025 - 2026.xlsx,0-7-3
evening,2025-01-24,1868.0,"(0, 0, 4)",1 year of data 2025 - 2026.xlsx,0-0-4
evening,2025-01-23,1866.0,"(5, 9, 7)",1 year of data 2025 - 2026.xlsx,5-9-7
evening,2025-01-22,1864.0,"(3, 1, 6)",1 year of data 2025 - 2026.xlsx,3-1-6
evening,2025-01-21,1862.0,"(1, 8, 7)",1 year of data 2025 - 2026.xlsx,1-8-7
evening,2025-01-20,1860.0,"(9, 7, 1)",1 year of data 2025 - 2026.xlsx,9-7-1
midday,2026-02-11,,"(7, 6, 0)",manual,7-6-0
midday,2026-02-10,,"(9, 5, 0)",manual,9-5-0
midday,2026-02-09,,"(7, 5, 6)",manual,7-5-6
midday,2026-02-08,,"(3, 3, 3)",manual,3-3-3
midday,2026-02-07,,"(7, 4, 5)",manual,7-4-5
midday,2026-02-06,2623.0,"(7, 1, 2)",Jan 24 to Feb 06.xlsx,7-1-2
midday,2026-02-05,2621.0,"(6, 9, 9)",Jan 24 to Feb 06.xlsx,6-9-9
midday,2026-02-04,2619.0,"(1, 8, 4)",Jan 24 to Feb 06.xlsx,1-8-4
midday,2026-02-03,2617.0,"(1, 3, 4)",Jan 24 to Feb 06.xlsx,1-3-4
midday,2026-02-02,2615.0,"(0, 4, 5)",Jan 24 to Feb 06.xlsx,0-4-5
midday,2026-02-01,2613.0,"(9, 1, 1)",Jan 24 to Feb 06.xlsx,9-1-1
midday,2026-01-31,2611.0,"(2, 5, 0)",Jan 24 to Feb 06.xlsx,2-5-0
midday,2026-01-30,2609.0,"(4, 7, 4)",Jan 24 to Feb 06.xlsx,4-7-4
midday,2026-01-29,2607.0,"(0, 9, 8)",Jan 24 to Feb 06.xlsx,0-9-8
midday,2026-01-28,2605.0,"(2, 6, 6)",Jan 24 to Feb 06.xlsx,2-6-6
midday,2026-01-27,2603.0,"(7, 8, 7)",Jan 24 to Feb 06.xlsx,7-8-7
midday,2026-01-26,2601.0,"(8, 3, 1)",Jan 24 to Feb 06.xlsx,8-3-1
midday,2026-01-25,2599.0,"(6, 6, 7)",Jan 24 to Feb 06.xlsx,6-6-7
midday,2026-01-24,2597.0,"(6, 3, 0)",Jan 24 to Feb 06.xlsx,6-3-0
midday,2026-01-23,2595.0,"(5, 2, 6)",1 year of data 2025 - 2026.xlsx,5-2-6
midday,2026-01-22,2593.0,"(7, 5, 9)",1 year of data 2025 - 2026.xlsx,7-5-9
midday,2026-01-21,2591.0,"(0, 5, 1)",1 year of data 2025 - 2026.xlsx,0-5-1
midday,2026-01-20,2589.0,"(5, 9, 6)",1 year of data 2025 - 2026.xlsx,5-9-6
midday,2026-01-19,2587.0,"(5, 5, 8)",1 year of data 2025 - 2026.xlsx,5-5-8
midday,2026-01-18,2585.0,"(3, 0, 8)",1 year of data 2025 - 2026.xlsx,3-0-8
midday,2026-01-17,2583.0,"(9, 7, 0)",1 year of data 2025 - 2026.xlsx,9-7-0
midday,2026-01-16,2581.0,"(5, 6, 6)",1 year of data 2025 - 2026.xlsx,5-6-6
midday,2026-01-15,2579.0,"(8, 1, 5)",1 year of data 2025 - 2026.xlsx,8-1-5
midday,2026-01-14,2577.0,"(9, 0, 0)",1 year of data 2025 - 2026.xlsx,9-0-0
midday,2026-01-13,2575.0,"(7, 7, 6)",1 year of data 2025 - 2026.xlsx,7-7-6
midday,2026-01-12,2573.0,"(4, 0, 7)",1 year of data 2025 - 2026.xlsx,4-0-7
midday,2026-01-11,2571.0,"(1, 7, 0)",1 year of data 2025 - 2026.xlsx,1-7-0
midday,2026-01-10,2569.0,"(5, 4, 7)",1 year of data 2025 - 2026.xlsx,5-4-7
midday,2026-01-09,2567.0,"(8, 5, 8)",1 year of data 2025 - 2026.xlsx,8-5-8
midday,2026-01-08,2565.0,"(3, 9, 3)",1 year of data 2025 - 2026.xlsx,3-9-3
midday,2026-01-07,2563.0,"(1, 5, 1)",1 year of data 2025 - 2026.xlsx,1-5-1
midday,2026-01-06,2561.0,"(4, 5, 2)",1 year of data 2025 - 2026.xlsx,4-5-2
midday,2026-01-05,2559.0,"(5, 3, 3)",1 year of data 2025 - 2026.xlsx,5-3-3
midday,2026-01-04,2557.0,"(9, 6, 1)",1 year of data 2025 - 2026.xlsx,9-6-1
midday,2026-01-03,2555.0,"(4, 3, 1)",1 year of data 2025 - 2026.xlsx,4-3-1
midday,2026-01-02,2553.0,"(2, 0, 0)",1 year of data 2025 - 2026.xlsx,2-0-0
midday,2026-01-01,2551.0,"(9, 9, 7)",1 year of data 2025 - 2026.xlsx,9-9-7
midday,2025-12-31,2549.0,"(2, 4, 2)",1 year of data 2025 - 2026.xlsx,2-4-2
midday,2025-12-30,2547.0,"(6, 2, 6)",1 year of data 2025 - 2026.xlsx,6-2-6
midday,2025-12-29,2545.0,"(2, 5, 3)",1 year of data 2025 - 2026.xlsx,2-5-3
midday,2025-12-28,2543.0,"(3, 1, 5)",1 year of data 2025 - 2026.xlsx,3-1-5
midday,2025-12-27,2541.0,"(2, 1, 7)",1 year of data 2025 - 2026.xlsx,2-1-7
midday,2025-12-26,2539.0,"(8, 4, 6)",1 year of data 2025 - 2026.xlsx,8-4-6
midday,2025-12-25,2537.0,"(8, 4, 6)",1 year of data 2025 - 2026.xlsx,8-4-6
midday,2025-12-24,2535.0,"(6, 8, 2)",1 year of data 2025 - 2026.xlsx,6-8-2
midday,2025-12-23,2533.0,"(5, 7, 9)",1 year of data 2025 - 2026.xlsx,5-7-9
midday,2025-12-22,2531.0,"(4, 6, 5)",1 year of data 2025 - 2026.xlsx,4-6-5
midday,2025-12-21,2529.0,"(6, 5, 9)",1 year of data 2025 - 2026.xlsx,6-5-9
midday,2025-12-20,2527.0,"(3, 1, 2)",1 year of data 2025 - 2026.xlsx,3-1-2
midday,2025-12-19,2525.0,"(3, 0, 0)",1 year of data 2025 - 2026.xlsx,3-0-0
midday,2025-12-18,2523.0,"(5, 1, 6)",1 year of data 2025 - 2026.xlsx,5-1-6
midday,2025-12-17,2521.0,"(4, 6, 2)",1 year of data 2025 - 2026.xlsx,4-6-2
midday,2025-12-16,2519.0,"(9, 7, 3)",1 year of data 2025 - 2026.xlsx,9-7-3
midday,2025-12-15,2517.0,"(6, 9, 7)",1 year of data 2025 - 2026.xlsx,6-9-7
midday,2025-12-14,2515.0,"(7, 3, 4)",1 year of data 2025 - 2026.xlsx,7-3-4
midday,2025-12-13,2513.0,"(4, 3, 8)",1 year of data 2025 - 2026.xlsx,4-3-8
midday,2025-12-12,2511.0,"(2, 0, 4)",1 year of data 2025 - 2026.xlsx,2-0-4
midday,2025-12-11,2509.0,"(9, 0, 9)",1 year of data 2025 - 2026.xlsx,9-0-9
midday,2025-12-10,2507.0,"(9, 8, 2)",1 year of data 2025 - 2026.xlsx,9-8-2
midday,2025-12-09,2505.0,"(3, 5, 3)",1 year of data 2025 - 2026.xlsx,3-5-3
midday,2025-12-08,2503.0,"(6, 9, 2)",1 year of data 2025 - 2026.xlsx,6-9-2
midday,2025-12-07,2501.0,"(9, 2, 4)",1 year of data 2025 - 2026.xlsx,9-2-4
midday,2025-12-06,2499.0,"(2, 7, 0)",1 year of data 2025 - 2026.xlsx,2-7-0
midday,2025-12-05,2497.0,"(1, 1, 5)",1 year of data 2025 - 2026.xlsx,1-1-5
midday,2025-12-04,2495.0,"(3, 9, 2)",1 year of data 2025 - 2026.xlsx,3-9-2
midday,2025-12-03,2493.0,"(7, 4, 0)",1 year of data 2025 - 2026.xlsx,7-4-0
midday,2025-12-02,2491.0,"(4, 7, 1)",1 year of data 2025 - 2026.xlsx,4-7-1
midday,2025-12-01,2489.0,"(8, 7, 9)",1 year of data 2025 - 2026.xlsx,8-7-9
midday,2025-11-30,2487.0,"(1, 1, 7)",1 year of data 2025 - 2026.xlsx,1-1-7
midday,2025-11-29,2485.0,"(3, 7, 5)",1 year of data 2025 - 2026.xlsx,3-7-5
midday,2025-11-28,2483.0,"(4, 0, 9)",1 year of data 2025 - 2026.xlsx,4-0-9
midday,2025-11-27,2481.0,"(4, 4, 1)",1 year of data 2025 - 2026.xlsx,4-4-1
midday,2025-11-26,2479.0,"(4, 6, 3)",1 year of data 2025 - 2026.xlsx,4-6-3
midday,2025-11-25,2477.0,"(3, 1, 8)",1 year of data 2025 - 2026.xlsx,3-1-8
midday,2025-11-24,2475.0,"(5, 9, 6)",1 year of data 2025 - 2026.xlsx,5-9-6
midday,2025-11-23,2473.0,"(3, 2, 9)",1 year of data 2025 - 2026.xlsx,3-2-9
midday,2025-11-22,2471.0,"(1, 0, 0)",1 year of data 2025 - 2026.xlsx,1-0-0
midday,2025-11-21,2469.0,"(9, 6, 9)",1 year of data 2025 - 2026.xlsx,9-6-9
midday,2025-11-20,2467.0,"(0, 6, 1)",1 year of data 2025 - 2026.xlsx,0-6-1
midday,2025-11-19,2465.0,"(9, 4, 1)",1 year of data 2025 - 2026.xlsx,9-4-1
midday,2025-11-18,2463.0,"(7, 0, 8)",1 year of data 2025 - 2026.xlsx,7-0-8
midday,2025-11-17,2461.0,"(4, 8, 7)",1 year of data 2025 - 2026.xlsx,4-8-7
midday,2025-11-16,2459.0,"(7, 3, 8)",1 year of data 2025 - 2026.xlsx,7-3-8
midday,2025-11-15,2457.0,"(8, 9, 2)",1 year of data 2025 - 2026.xlsx,8-9-2
midday,2025-11-14,2455.0,"(9, 5, 5)",1 year of data 2025 - 2026.xlsx,9-5-5
midday,2025-11-13,2453.0,"(4, 5, 4)",1 year of data 2025 - 2026.xlsx,4-5-4
midday,2025-11-12,2451.0,"(6, 6, 5)",1 year of data 2025 - 2026.xlsx,6-6-5
midday,2025-11-11,2449.0,"(7, 0, 0)",1 year of data 2025 - 2026.xlsx,7-0-0
midday,2025-11-10,2447.0,"(0, 3, 3)",1 year of data 2025 - 2026.xlsx,0-3-3
midday,2025-11-09,2445.0,"(1, 7, 2)",1 year of data 2025 - 2026.xlsx,1-7-2
midday,2025-11-08,2443.0,"(7, 3, 8)",1 year of data 2025 - 2026.xlsx,7-3-8
midday,2025-11-07,2441.0,"(8, 7, 1)",1 year of data 2025 - 2026.xlsx,8-7-1
midday,2025-11-06,2439.0,"(2, 0, 5)",1 year of data 2025 - 2026.xlsx,2-0-5
midday,2025-11-05,2437.0,"(9, 6, 4)",1 year of data 2025 - 2026.xlsx,9-6-4
midday,2025-11-04,2435.0,"(5, 4, 8)",1 year of data 2025 - 2026.xlsx,5-4-8
midday,2025-11-03,2433.0,"(6, 0, 6)",1 year of data 2025 - 2026.xlsx,6-0-6
midday,2025-11-02,2431.0,"(7, 8, 1)",1 year of data 2025 - 2026.xlsx,7-8-1
midday,2025-11-01,2429.0,"(2, 9, 8)",1 year of data 2025 - 2026.xlsx,2-9-8
midday,2025-10-31,2427.0,"(4, 4, 4)",1 year of data 2025 - 2026.xlsx,4-4-4
midday,2025-10-30,2425.0,"(3, 5, 5)",1 year of data 2025 - 2026.xlsx,3-5-5
midday,2025-10-29,2423.0,"(9, 5, 5)",1 year of data 2025 - 2026.xlsx,9-5-5
midday,2025-10-28,2421.0,"(8, 9, 5)",1 year of data 2025 - 2026.xlsx,8-9-5
midday,2025-10-27,2419.0,"(9, 4, 0)",1 year of data 2025 - 2026.xlsx,9-4-0
midday,2025-10-26,2417.0,"(0, 2, 7)",1 year of data 2025 - 2026.xlsx,0-2-7
midday,2025-10-25,2415.0,"(3, 9, 0)",1 year of data 2025 - 2026.xlsx,3-9-0
midday,2025-10-24,2413.0,"(9, 0, 6)",1 year of data 2025 - 2026.xlsx,9-0-6
midday,2025-10-23,2411.0,"(4, 0, 5)",1 year of data 2025 - 2026.xlsx,4-0-5
midday,2025-10-22,2409.0,"(0, 4, 5)",1 year of data 2025 - 2026.xlsx,0-4-5
midday,2025-10-21,2407.0,"(3, 7, 9)",1 year of data 2025 - 2026.xlsx,3-7-9
midday,2025-10-20,2405.0,"(0, 5, 1)",1 year of data 2025 - 2026.xlsx,0-5-1
midday,2025-10-19,2403.0,"(3, 4, 5)",1 year of data 2025 - 2026.xlsx,3-4-5
midday,2025-10-18,2401.0,"(0, 4, 5)",1 year of data 2025 - 2026.xlsx,0-4-5
midday,2025-10-17,2399.0,"(3, 6, 3)",1 year of data 2025 - 2026.xlsx,3-6-3
midday,2025-10-16,2397.0,"(3, 4, 0)",1 year of data 2025 - 2026.xlsx,3-4-0
midday,2025-10-15,2395.0,"(6, 3, 6)",1 year of data 2025 - 2026.xlsx,6-3-6
midday,2025-10-14,2393.0,"(3, 5, 2)",1 year of data 2025 - 2026.xlsx,3-5-2
midday,2025-10-13,2391.0,"(3, 3, 5)",1 year of data 2025 - 2026.xlsx,3-3-5
midday,2025-10-12,2389.0,"(5, 8, 1)",1 year of data 2025 - 2026.xlsx,5-8-1
midday,2025-10-11,2387.0,"(4, 4, 4)",1 year of data 2025 - 2026.xlsx,4-4-4
midday,2025-10-10,2385.0,"(4, 0, 9)",1 year of data 2025 - 2026.xlsx,4-0-9
midday,2025-10-09,2383.0,"(3, 9, 3)",1 year of data 2025 - 2026.xlsx,3-9-3
midday,2025-10-08,2381.0,"(5, 9, 7)",1 year of data 2025 - 2026.xlsx,5-9-7
midday,2025-10-07,2379.0,"(0, 6, 0)",1 year of data 2025 - 2026.xlsx,0-6-0
midday,2025-10-06,2377.0,"(6, 6, 3)",1 year of data 2025 - 2026.xlsx,6-6-3
midday,2025-10-05,2375.0,"(2, 9, 4)",1 year of data 2025 - 2026.xlsx,2-9-4
midday,2025-10-04,2373.0,"(0, 5, 7)",1 year of data 2025 - 2026.xlsx,0-5-7
midday,2025-10-03,2371.0,"(1, 4, 3)",1 year of data 2025 - 2026.xlsx,1-4-3
midday,2025-10-02,2369.0,"(5, 6, 7)",1 year of data 2025 - 2026.xlsx,5-6-7
midday,2025-10-01,2367.0,"(4, 1, 8)",1 year of data 2025 - 2026.xlsx,4-1-8
midday,2025-09-30,2365.0,"(9, 5, 0)",1 year of data 2025 - 2026.xlsx,9-5-0
midday,2025-09-29,2363.0,"(2, 7, 3)",1 year of data 2025 - 2026.xlsx,2-7-3
midday,2025-09-28,2361.0,"(8, 2, 1)",1 year of data 2025 - 2026.xlsx,8-2-1
midday,2025-09-27,2359.0,"(6, 2, 7)",1 year of data 2025 - 2026.xlsx,6-2-7
midday,2025-09-26,2357.0,"(1, 8, 1)",1 year of data 2025 - 2026.xlsx,1-8-1
midday,2025-09-25,2355.0,"(1, 6, 5)",1 year of data 2025 - 2026.xlsx,1-6-5
midday,2025-09-24,2353.0,"(1, 8, 1)",1 year of data 2025 - 2026.xlsx,1-8-1
midday,2025-09-23,2351.0,"(3, 4, 0)",1 year of data 2025 - 2026.xlsx,3-4-0
midday,2025-09-22,2349.0,"(3, 4, 6)",1 year of data 2025 - 2026.xlsx,3-4-6
midday,2025-09-21,2347.0,"(9, 7, 2)",1 year of data 2025 - 2026.xlsx,9-7-2
midday,2025-09-20,2345.0,"(5, 7, 3)",1 year of data 2025 - 2026.xlsx,5-7-3
midday,2025-09-19,2343.0,"(1, 4, 4)",1 year of data 2025 - 2026.xlsx,1-4-4
midday,2025-09-18,2341.0,"(6, 2, 6)",1 year of data 2025 - 2026.xlsx,6-2-6
midday,2025-09-17,2339.0,"(0, 8, 0)",1 year of data 2025 - 2026.xlsx,0-8-0
midday,2025-09-16,2337.0,"(4, 3, 6)",1 year of data 2025 - 2026.xlsx,4-3-6
midday,2025-09-15,2335.0,"(7, 6, 8)",1 year of data 2025 - 2026.xlsx,7-6-8
midday,2025-09-14,2333.0,"(3, 7, 7)",1 year of data 2025 - 2026.xlsx,3-7-7
midday,2025-09-13,2331.0,"(0, 8, 7)",1 year of data 2025 - 2026.xlsx,0-8-7
midday,2025-09-12,2329.0,"(2, 8, 6)",1 year of data 2025 - 2026.xlsx,2-8-6
midday,2025-09-11,2327.0,"(5, 5, 7)",1 year of data 2025 - 2026.xlsx,5-5-7
midday,2025-09-10,2325.0,"(8, 6, 7)",1 year of data 2025 - 2026.xlsx,8-6-7
midday,2025-09-09,2323.0,"(2, 2, 6)",1 year of data 2025 - 2026.xlsx,2-2-6
midday,2025-09-08,2321.0,"(2, 8, 0)",1 year of data 2025 - 2026.xlsx,2-8-0
midday,2025-09-07,2319.0,"(8, 3, 0)",1 year of data 2025 - 2026.xlsx,8-3-0
midday,2025-09-06,2317.0,"(9, 2, 3)",1 year of data 2025 - 2026.xlsx,9-2-3
midday,2025-09-05,2315.0,"(7, 8, 5)",1 year of data 2025 - 2026.xlsx,7-8-5
midday,2025-09-04,2313.0,"(1, 0, 7)",1 year of data 2025 - 2026.xlsx,1-0-7
midday,2025-09-03,2311.0,"(9, 9, 8)",1 year of data 2025 - 2026.xlsx,9-9-8
midday,2025-09-02,2309.0,"(0, 8, 2)",1 year of data 2025 - 2026.xlsx,0-8-2
midday,2025-09-01,2307.0,"(0, 8, 8)",1 year of data 2025 - 2026.xlsx,0-8-8
midday,2025-08-31,2305.0,"(8, 5, 7)",1 year of data 2025 - 2026.xlsx,8-5-7
midday,2025-08-30,2303.0,"(3, 5, 2)",1 year of data 2025 - 2026.xlsx,3-5-2
midday,2025-08-29,2301.0,"(3, 5, 4)",1 year of data 2025 - 2026.xlsx,3-5-4
midday,2025-08-28,2299.0,"(4, 9, 0)",1 year of data 2025 - 2026.xlsx,4-9-0
midday,2025-08-27,2297.0,"(5, 9, 9)",1 year of data 2025 - 2026.xlsx,5-9-9
midday,2025-08-26,2295.0,"(8, 9, 0)",1 year of data 2025 - 2026.xlsx,8-9-0
midday,2025-08-25,2293.0,"(4, 6, 6)",1 year of data 2025 - 2026.xlsx,4-6-6
midday,2025-08-24,2291.0,"(9, 3, 1)",1 year of data 2025 - 2026.xlsx,9-3-1
midday,2025-08-23,2289.0,"(2, 6, 3)",1 year of data 2025 - 2026.xlsx,2-6-3
midday,2025-08-22,2287.0,"(4, 7, 2)",1 year of data 2025 - 2026.xlsx,4-7-2
midday,2025-08-21,2285.0,"(1, 4, 0)",1 year of data 2025 - 2026.xlsx,1-4-0
midday,2025-08-20,2283.0,"(9, 5, 6)",1 year of data 2025 - 2026.xlsx,9-5-6
midday,2025-08-19,2281.0,"(2, 1, 8)",1 year of data 2025 - 2026.xlsx,2-1-8
midday,2025-08-18,2279.0,"(9, 8, 2)",1 year of data 2025 - 2026.xlsx,9-8-2
midday,2025-08-17,2277.0,"(8, 0, 0)",1 year of data 2025 - 2026.xlsx,8-0-0
midday,2025-08-16,2275.0,"(7, 9, 8)",1 year of data 2025 - 2026.xlsx,7-9-8
midday,2025-08-15,2273.0,"(1, 6, 1)",1 year of data 2025 - 2026.xlsx,1-6-1
midday,2025-08-14,2271.0,"(0, 6, 5)",1 year of data 2025 - 2026.xlsx,0-6-5
midday,2025-08-13,2269.0,"(4, 1, 7)",1 year of data 2025 - 2026.xlsx,4-1-7
midday,2025-08-12,2267.0,"(8, 7, 4)",1 year of data 2025 - 2026.xlsx,8-7-4
midday,2025-08-11,2265.0,"(9, 7, 2)",1 year of data 2025 - 2026.xlsx,9-7-2
midday,2025-08-10,2263.0,"(5, 9, 4)",1 year of data 2025 - 2026.xlsx,5-9-4
midday,2025-08-09,2261.0,"(0, 0, 2)",1 year of data 2025 - 2026.xlsx,0-0-2
midday,2025-08-08,2259.0,"(7, 1, 9)",1 year of data 2025 - 2026.xlsx,7-1-9
midday,2025-08-07,2257.0,"(7, 8, 6)",1 year of data 2025 - 2026.xlsx,7-8-6
midday,2025-08-06,2255.0,"(8, 9, 4)",1 year of data 2025 - 2026.xlsx,8-9-4
midday,2025-08-05,2253.0,"(5, 9, 9)",1 year of data 2025 - 2026.xlsx,5-9-9
midday,2025-08-04,2251.0,"(4, 3, 7)",1 year of data 2025 - 2026.xlsx,4-3-7
midday,2025-08-03,2249.0,"(2, 6, 0)",1 year of data 2025 - 2026.xlsx,2-6-0
midday,2025-08-02,2247.0,"(3, 9, 5)",1 year of data 2025 - 2026.xlsx,3-9-5
midday,2025-08-01,2245.0,"(2, 2, 0)",1 year of data 2025 - 2026.xlsx,2-2-0
midday,2025-07-31,2243.0,"(5, 1, 8)",1 year of data 2025 - 2026.xlsx,5-1-8
midday,2025-07-30,2241.0,"(2, 0, 3)",1 year of data 2025 - 2026.xlsx,2-0-3
midday,2025-07-29,2239.0,"(6, 6, 8)",1 year of data 2025 - 2026.xlsx,6-6-8
midday,2025-07-28,2237.0,"(7, 6, 9)",1 year of data 2025 - 2026.xlsx,7-6-9
midday,2025-07-27,2235.0,"(1, 1, 9)",1 year of data 2025 - 2026.xlsx,1-1-9
midday,2025-07-26,2233.0,"(2, 2, 7)",1 year of data 2025 - 2026.xlsx,2-2-7
midday,2025-07-25,2231.0,"(3, 6, 3)",1 year of data 2025 - 2026.xlsx,3-6-3
midday,2025-07-24,2229.0,"(0, 7, 5)",1 year of data 2025 - 2026.xlsx,0-7-5
midday,2025-07-23,2227.0,"(3, 3, 3)",1 year of data 2025 - 2026.xlsx,3-3-3
midday,2025-07-22,2225.0,"(6, 1, 1)",1 year of data 2025 - 2026.xlsx,6-1-1
midday,2025-07-21,2223.0,"(5, 2, 3)",1 year of data 2025 - 2026.xlsx,5-2-3
midday,2025-07-20,2221.0,"(7, 9, 1)",1 year of data 2025 - 2026.xlsx,7-9-1
midday,2025-07-19,2219.0,"(0, 7, 5)",1 year of data 2025 - 2026.xlsx,0-7-5
midday,2025-07-18,2217.0,"(7, 1, 1)",1 year of data 2025 - 2026.xlsx,7-1-1
midday,2025-07-17,2215.0,"(4, 6, 6)",1 year of data 2025 - 2026.xlsx,4-6-6
midday,2025-07-16,2213.0,"(7, 4, 6)",1 year of data 2025 - 2026.xlsx,7-4-6
midday,2025-07-15,2211.0,"(8, 4, 9)",1 year of data 2025 - 2026.xlsx,8-4-9
midday,2025-07-14,2209.0,"(1, 7, 3)",1 year of data 2025 - 2026.xlsx,1-7-3
midday,2025-07-13,2207.0,"(2, 5, 0)",1 year of data 2025 - 2026.xlsx,2-5-0
midday,2025-07-12,2205.0,"(3, 0, 5)",1 year of data 2025 - 2026.xlsx,3-0-5
midday,2025-07-11,2203.0,"(3, 9, 8)",1 year of data 2025 - 2026.xlsx,3-9-8
midday,2025-07-10,2201.0,"(3, 4, 9)",1 year of data 2025 - 2026.xlsx,3-4-9
midday,2025-07-09,2199.0,"(4, 7, 3)",1 year of data 2025 - 2026.xlsx,4-7-3
midday,2025-07-08,2197.0,"(5, 5, 9)",1 year of data 2025 - 2026.xlsx,5-5-9
midday,2025-07-07,2195.0,"(5, 4, 0)",1 year of data 2025 - 2026.xlsx,5-4-0
midday,2025-07-06,2193.0,"(8, 1, 7)",1 year of data 2025 - 2026.xlsx,8-1-7
midday,2025-07-05,2191.0,"(0, 5, 3)",1 year of data 2025 - 2026.xlsx,0-5-3
midday,2025-07-04,2189.0,"(7, 6, 9)",1 year of data 2025 - 2026.xlsx,7-6-9
midday,2025-07-03,2187.0,"(6, 3, 1)",1 year of data 2025 - 2026.xlsx,6-3-1
midday,2025-07-02,2185.0,"(5, 4, 4)",1 year of data 2025 - 2026.xlsx,5-4-4
midday,2025-07-01,2183.0,"(3, 1, 8)",1 year of data 2025 - 2026.xlsx,3-1-8
midday,2025-06-30,2181.0,"(7, 1, 9)",1 year of data 2025 - 2026.xlsx,7-1-9
midday,2025-06-29,2179.0,"(8, 1, 5)",1 year of data 2025 - 2026.xlsx,8-1-5
midday,2025-06-28,2177.0,"(2, 0, 9)",1 year of data 2025 - 2026.xlsx,2-0-9
midday,2025-06-27,2175.0,"(2, 5, 6)",1 year of data 2025 - 2026.xlsx,2-5-6
midday,2025-06-26,2173.0,"(6, 8, 0)",1 year of data 2025 - 2026.xlsx,6-8-0
midday,2025-06-25,2171.0,"(8, 2, 2)",1 year of data 2025 - 2026.xlsx,8-2-2
midday,2025-06-24,2169.0,"(7, 2, 1)",1 year of data 2025 - 2026.xlsx,7-2-1
midday,2025-06-23,2167.0,"(5, 0, 1)",1 year of data 2025 - 2026.xlsx,5-0-1
midday,2025-06-22,2165.0,"(1, 4, 3)",1 year of data 2025 - 2026.xlsx,1-4-3
midday,2025-06-21,2163.0,"(2, 9, 7)",1 year of data 2025 - 2026.xlsx,2-9-7
midday,2025-06-20,2161.0,"(6, 8, 0)",1 year of data 2025 - 2026.xlsx,6-8-0
midday,2025-06-19,2159.0,"(1, 0, 1)",1 year of data 2025 - 2026.xlsx,1-0-1
midday,2025-06-18,2157.0,"(9, 0, 1)",1 year of data 2025 - 2026.xlsx,9-0-1
midday,2025-06-17,2155.0,"(8, 8, 2)",1 year of data 2025 - 2026.xlsx,8-8-2
midday,2025-06-16,2153.0,"(8, 3, 7)",1 year of data 2025 - 2026.xlsx,8-3-7
midday,2025-06-15,2151.0,"(0, 3, 4)",1 year of data 2025 - 2026.xlsx,0-3-4
midday,2025-06-14,2149.0,"(1, 2, 6)",1 year of data 2025 - 2026.xlsx,1-2-6
midday,2025-06-13,2147.0,"(9, 9, 0)",1 year of data 2025 - 2026.xlsx,9-9-0
midday,2025-06-12,2145.0,"(6, 8, 5)",1 year of data 2025 - 2026.xlsx,6-8-5
midday,2025-06-11,2143.0,"(5, 6, 0)",1 year of data 2025 - 2026.xlsx,5-6-0
midday,2025-06-10,2141.0,"(3, 2, 4)",1 year of data 2025 - 2026.xlsx,3-2-4
midday,2025-06-09,2139.0,"(5, 9, 6)",1 year of data 2025 - 2026.xlsx,5-9-6
midday,2025-06-08,2137.0,"(7, 3, 1)",1 year of data 2025 - 2026.xlsx,7-3-1
midday,2025-06-07,2135.0,"(7, 1, 2)",1 year of data 2025 - 2026.xlsx,7-1-2
midday,2025-06-06,2133.0,"(1, 1, 6)",1 year of data 2025 - 2026.xlsx,1-1-6
midday,2025-06-05,2131.0,"(4, 3, 9)",1 year of data 2025 - 2026.xlsx,4-3-9
midday,2025-06-04,2129.0,"(5, 0, 2)",1 year of data 2025 - 2026.xlsx,5-0-2
midday,2025-06-03,2127.0,"(8, 9, 9)",1 year of data 2025 - 2026.xlsx,8-9-9
midday,2025-06-02,2125.0,"(6, 3, 1)",1 year of data 2025 - 2026.xlsx,6-3-1
midday,2025-06-01,2123.0,"(0, 5, 2)",1 year of data 2025 - 2026.xlsx,0-5-2
midday,2025-05-31,2121.0,"(9, 9, 9)",1 year of data 2025 - 2026.xlsx,9-9-9
midday,2025-05-30,2119.0,"(0, 0, 2)",1 year of data 2025 - 2026.xlsx,0-0-2
midday,2025-05-29,2117.0,"(9, 3, 5)",1 year of data 2025 - 2026.xlsx,9-3-5
midday,2025-05-28,2115.0,"(9, 6, 5)",1 year of data 2025 - 2026.xlsx,9-6-5
midday,2025-05-27,2113.0,"(7, 9, 0)",1 year of data 2025 - 2026.xlsx,7-9-0
midday,2025-05-26,2111.0,"(0, 7, 4)",1 year of data 2025 - 2026.xlsx,0-7-4
midday,2025-05-25,2109.0,"(8, 6, 4)",1 year of data 2025 - 2026.xlsx,8-6-4
midday,2025-05-24,2107.0,"(3, 9, 2)",1 year of data 2025 - 2026.xlsx,3-9-2
midday,2025-05-23,2105.0,"(2, 7, 0)",1 year of data 2025 - 2026.xlsx,2-7-0
midday,2025-05-22,2103.0,"(5, 3, 5)",1 year of data 2025 - 2026.xlsx,5-3-5
midday,2025-05-21,2101.0,"(4, 1, 9)",1 year of data 2025 - 2026.xlsx,4-1-9
midday,2025-05-20,2099.0,"(4, 8, 0)",1 year of data 2025 - 2026.xlsx,4-8-0
midday,2025-05-19,2097.0,"(2, 7, 0)",1 year of data 2025 - 2026.xlsx,2-7-0
midday,2025-05-18,2095.0,"(7, 6, 6)",1 year of data 2025 - 2026.xlsx,7-6-6
midday,2025-05-17,2093.0,"(7, 8, 7)",1 year of data 2025 - 2026.xlsx,7-8-7
midday,2025-05-16,2091.0,"(2, 5, 1)",1 year of data 2025 - 2026.xlsx,2-5-1
midday,2025-05-15,2089.0,"(8, 8, 8)",1 year of data 2025 - 2026.xlsx,8-8-8
midday,2025-05-14,2087.0,"(8, 1, 8)",1 year of data 2025 - 2026.xlsx,8-1-8
midday,2025-05-13,2085.0,"(6, 2, 9)",1 year of data 2025 - 2026.xlsx,6-2-9
midday,2025-05-12,2083.0,"(9, 5, 1)",1 year of data 2025 - 2026.xlsx,9-5-1
midday,2025-05-11,2081.0,"(5, 0, 5)",1 year of data 2025 - 2026.xlsx,5-0-5
midday,2025-05-10,2079.0,"(3, 4, 0)",1 year of data 2025 - 2026.xlsx,3-4-0
midday,2025-05-09,2077.0,"(6, 4, 3)",1 year of data 2025 - 2026.xlsx,6-4-3
midday,2025-05-08,2075.0,"(1, 8, 0)",1 year of data 2025 - 2026.xlsx,1-8-0
midday,2025-05-07,2073.0,"(5, 0, 7)",1 year of data 2025 - 2026.xlsx,5-0-7
midday,2025-05-06,2071.0,"(6, 9, 9)",1 year of data 2025 - 2026.xlsx,6-9-9
midday,2025-05-05,2069.0,"(5, 4, 2)",1 year of data 2025 - 2026.xlsx,5-4-2
midday,2025-05-04,2067.0,"(3, 5, 1)",1 year of data 2025 - 2026.xlsx,3-5-1
midday,2025-05-03,2065.0,"(6, 1, 7)",1 year of data 2025 - 2026.xlsx,6-1-7
midday,2025-05-02,2063.0,"(7, 7, 9)",1 year of data 2025 - 2026.xlsx,7-7-9
midday,2025-05-01,2061.0,"(3, 5, 0)",1 year of data 2025 - 2026.xlsx,3-5-0
midday,2025-04-30,2059.0,"(4, 3, 0)",1 year of data 2025 - 2026.xlsx,4-3-0
midday,2025-04-29,2057.0,"(2, 9, 3)",1 year of data 2025 - 2026.xlsx,2-9-3
midday,2025-04-28,2055.0,"(6, 6, 7)",1 year of data 2025 - 2026.xlsx,6-6-7
midday,2025-04-27,2053.0,"(9, 9, 4)",1 year of data 2025 - 2026.xlsx,9-9-4
midday,2025-04-26,2051.0,"(0, 0, 9)",1 year of data 2025 - 2026.xlsx,0-0-9
midday,2025-04-25,2049.0,"(9, 8, 5)",1 year of data 2025 - 2026.xlsx,9-8-5
midday,2025-04-24,2047.0,"(9, 5, 0)",1 year of data 2025 - 2026.xlsx,9-5-0
midday,2025-04-23,2045.0,"(8, 0, 5)",1 year of data 2025 - 2026.xlsx,8-0-5
midday,2025-04-22,2043.0,"(6, 1, 1)",1 year of data 2025 - 2026.xlsx,6-1-1
midday,2025-04-21,2041.0,"(0, 9, 7)",1 year of data 2025 - 2026.xlsx,0-9-7
midday,2025-04-20,2039.0,"(1, 0, 6)",1 year of data 2025 - 2026.xlsx,1-0-6
midday,2025-04-19,2037.0,"(5, 4, 7)",1 year of data 2025 - 2026.xlsx,5-4-7
midday,2025-04-18,2035.0,"(1, 8, 5)",1 year of data 2025 - 2026.xlsx,1-8-5
midday,2025-04-17,2033.0,"(2, 1, 1)",1 year of data 2025 - 2026.xlsx,2-1-1
midday,2025-04-16,2031.0,"(4, 8, 8)",1 year of data 2025 - 2026.xlsx,4-8-8
midday,2025-04-15,2029.0,"(8, 6, 2)",1 year of data 2025 - 2026.xlsx,8-6-2
midday,2025-04-14,2027.0,"(3, 8, 3)",1 year of data 2025 - 2026.xlsx,3-8-3
midday,2025-04-13,2025.0,"(1, 3, 6)",1 year of data 2025 - 2026.xlsx,1-3-6
midday,2025-04-12,2023.0,"(3, 5, 6)",1 year of data 2025 - 2026.xlsx,3-5-6
midday,2025-04-11,2021.0,"(7, 4, 7)",1 year of data 2025 - 2026.xlsx,7-4-7
midday,2025-04-10,2019.0,"(6, 9, 9)",1 year of data 2025 - 2026.xlsx,6-9-9
midday,2025-04-09,2017.0,"(3, 4, 3)",1 year of data 2025 - 2026.xlsx,3-4-3
midday,2025-04-08,2015.0,"(3, 8, 7)",1 year of data 2025 - 2026.xlsx,3-8-7
midday,2025-04-07,2013.0,"(1, 9, 9)",1 year of data 2025 - 2026.xlsx,1-9-9
midday,2025-04-06,2011.0,"(3, 1, 5)",1 year of data 2025 - 2026.xlsx,3-1-5
midday,2025-04-05,2009.0,"(5, 4, 9)",1 year of data 2025 - 2026.xlsx,5-4-9
midday,2025-04-04,2007.0,"(8, 9, 8)",1 year of data 2025 - 2026.xlsx,8-9-8
midday,2025-04-03,2005.0,"(2, 7, 3)",1 year of data 2025 - 2026.xlsx,2-7-3
midday,2025-04-02,2003.0,"(8, 9, 6)",1 year of data 2025 - 2026.xlsx,8-9-6
midday,2025-04-01,2001.0,"(3, 1, 8)",1 year of data 2025 - 2026.xlsx,3-1-8
midday,2025-03-31,1999.0,"(6, 0, 8)",1 year of data 2025 - 2026.xlsx,6-0-8
midday,2025-03-30,1997.0,"(0, 6, 6)",1 year of data 2025 - 2026.xlsx,0-6-6
midday,2025-03-29,1995.0,"(9, 4, 4)",1 year of data 2025 - 2026.xlsx,9-4-4
midday,2025-03-28,1993.0,"(8, 9, 5)",1 year of data 2025 - 2026.xlsx,8-9-5
midday,2025-03-27,1991.0,"(1, 2, 1)",1 year of data 2025 - 2026.xlsx,1-2-1
midday,2025-03-26,1989.0,"(3, 3, 1)",1 year of data 2025 - 2026.xlsx,3-3-1
midday,2025-03-25,1987.0,"(7, 7, 3)",1 year of data 2025 - 2026.xlsx,7-7-3
midday,2025-03-24,1985.0,"(4, 4, 4)",1 year of data 2025 - 2026.xlsx,4-4-4
midday,2025-03-23,1983.0,"(3, 7, 4)",1 year of data 2025 - 2026.xlsx,3-7-4
midday,2025-03-22,1981.0,"(2, 2, 1)",1 year of data 2025 - 2026.xlsx,2-2-1
midday,2025-03-21,1979.0,"(9, 7, 3)",1 year of data 2025 - 2026.xlsx,9-7-3
midday,2025-03-20,1977.0,"(2, 0, 5)",1 year of data 2025 - 2026.xlsx,2-0-5
midday,2025-03-19,1975.0,"(3, 4, 4)",1 year of data 2025 - 2026.xlsx,3-4-4
midday,2025-03-18,1973.0,"(0, 0, 6)",1 year of data 2025 - 2026.xlsx,0-0-6
midday,2025-03-17,1971.0,"(6, 5, 8)",1 year of data 2025 - 2026.xlsx,6-5-8
midday,2025-03-16,1969.0,"(1, 6, 3)",1 year of data 2025 - 2026.xlsx,1-6-3
midday,2025-03-15,1967.0,"(2, 4, 3)",1 year of data 2025 - 2026.xlsx,2-4-3
midday,2025-03-14,1965.0,"(9, 6, 2)",1 year of data 2025 - 2026.xlsx,9-6-2
midday,2025-03-13,1963.0,"(1, 9, 0)",1 year of data 2025 - 2026.xlsx,1-9-0
midday,2025-03-12,1961.0,"(0, 9, 7)",1 year of data 2025 - 2026.xlsx,0-9-7
midday,2025-03-11,1959.0,"(1, 2, 4)",1 year of data 2025 - 2026.xlsx,1-2-4
midday,2025-03-10,1957.0,"(3, 9, 0)",1 year of data 2025 - 2026.xlsx,3-9-0
midday,2025-03-09,1955.0,"(2, 9, 2)",1 year of data 2025 - 2026.xlsx,2-9-2
midday,2025-03-08,1953.0,"(9, 2, 2)",1 year of data 2025 - 2026.xlsx,9-2-2
midday,2025-03-07,1951.0,"(4, 7, 4)",1 year of data 2025 - 2026.xlsx,4-7-4
midday,2025-03-06,1949.0,"(6, 8, 9)",1 year of data 2025 - 2026.xlsx,6-8-9
midday,2025-03-05,1947.0,"(2, 7, 1)",1 year of data 2025 - 2026.xlsx,2-7-1
midday,2025-03-04,1945.0,"(4, 2, 1)",1 year of data 2025 - 2026.xlsx,4-2-1
midday,2025-03-03,1943.0,"(4, 2, 0)",1 year of data 2025 - 2026.xlsx,4-2-0
midday,2025-03-02,1941.0,"(3, 8, 3)",1 year of data 2025 - 2026.xlsx,3-8-3
midday,2025-03-01,1939.0,"(1, 2, 1)",1 year of data 2025 - 2026.xlsx,1-2-1
midday,2025-02-28,1937.0,"(5, 8, 4)",1 year of data 2025 - 2026.xlsx,5-8-4
midday,2025-02-27,1935.0,"(1, 5, 3)",1 year of data 2025 - 2026.xlsx,1-5-3
midday,2025-02-26,1933.0,"(1, 3, 9)",1 year of data 2025 - 2026.xlsx,1-3-9
midday,2025-02-25,1931.0,"(7, 5, 8)",1 year of data 2025 - 2026.xlsx,7-5-8
midday,2025-02-24,1929.0,"(6, 4, 7)",1 year of data 2025 - 2026.xlsx,6-4-7
midday,2025-02-23,1927.0,"(9, 1, 2)",1 year of data 2025 - 2026.xlsx,9-1-2
midday,2025-02-22,1925.0,"(5, 5, 1)",1 year of data 2025 - 2026.xlsx,5-5-1
midday,2025-02-21,1923.0,"(3, 0, 8)",1 year of data 2025 - 2026.xlsx,3-0-8
midday,2025-02-20,1921.0,"(5, 2, 8)",1 year of data 2025 - 2026.xlsx,5-2-8
midday,2025-02-19,1919.0,"(6, 8, 5)",1 year of data 2025 - 2026.xlsx,6-8-5
midday,2025-02-18,1917.0,"(3, 1, 3)",1 year of data 2025 - 2026.xlsx,3-1-3
midday,2025-02-17,1915.0,"(9, 4, 7)",1 year of data 2025 - 2026.xlsx,9-4-7
midday,2025-02-16,1913.0,"(4, 5, 4)",1 year of data 2025 - 2026.xlsx,4-5-4
midday,2025-02-15,1911.0,"(7, 1, 4)",1 year of data 2025 - 2026.xlsx,7-1-4
midday,2025-02-14,1909.0,"(6, 4, 3)",1 year of data 2025 - 2026.xlsx,6-4-3
midday,2025-02-13,1907.0,"(4, 2, 8)",1 year of data 2025 - 2026.xlsx,4-2-8
midday,2025-02-12,1905.0,"(2, 9, 1)",1 year of data 2025 - 2026.xlsx,2-9-1
midday,2025-02-11,1903.0,"(3, 5, 7)",1 year of data 2025 - 2026.xlsx,3-5-7
midday,2025-02-10,1901.0,"(5, 4, 6)",1 year of data 2025 - 2026.xlsx,5-4-6
midday,2025-02-09,1899.0,"(7, 0, 8)",1 year of data 2025 - 2026.xlsx,7-0-8
midday,2025-02-08,1897.0,"(7, 7, 8)",1 year of data 2025 - 2026.xlsx,7-7-8
midday,2025-02-07,1895.0,"(4, 5, 6)",1 year of data 2025 - 2026.xlsx,4-5-6
midday,2025-02-06,1893.0,"(7, 2, 7)",1 year of data 2025 - 2026.xlsx,7-2-7
midday,2025-02-05,1891.0,"(8, 3, 0)",1 year of data 2025 - 2026.xlsx,8-3-0
midday,2025-02-04,1889.0,"(0, 4, 7)",1 year of data 2025 - 2026.xlsx,0-4-7
midday,2025-02-03,1887.0,"(5, 5, 3)",1 year of data 2025 - 2026.xlsx,5-5-3
midday,2025-02-02,1885.0,"(0, 6, 4)",1 year of data 2025 - 2026.xlsx,0-6-4
midday,2025-02-01,1883.0,"(8, 5, 0)",1 year of data 2025 - 2026.xlsx,8-5-0
midday,2025-01-31,1881.0,"(2, 6, 5)",1 year of data 2025 - 2026.xlsx,2-6-5
midday,2025-01-30,1879.0,"(2, 9, 0)",1 year of data 2025 - 2026.xlsx,2-9-0
midday,2025-01-29,1877.0,"(3, 6, 1)",1 year of data 2025 - 2026.xlsx,3-6-1
midday,2025-01-28,1875.0,"(6, 2, 8)",1 year of data 2025 - 2026.xlsx,6-2-8
midday,2025-01-27,1873.0,"(5, 0, 3)",1 year of data 2025 - 2026.xlsx,5-0-3
midday,2025-01-26,1871.0,"(3, 4, 3)",1 year of data 2025 - 2026.xlsx,3-4-3
midday,2025-01-25,1869.0,"(4, 6, 2)",1 year of data 2025 - 2026.xlsx,4-6-2
midday,2025-01-24,1867.0,"(4, 3, 8)",1 year of data 2025 - 2026.xlsx,4-3-8
midday,2025-01-23,1865.0,"(4, 4, 6)",1 year of data 2025 - 2026.xlsx,4-4-6
midday,2025-01-22,1863.0,"(5, 8, 6)",1 year of data 2025 - 2026.xlsx,5-8-6
midday,2025-01-21,1861.0,"(2, 2, 6)",1 year of data 2025 - 2026.xlsx,2-2-6
midday,2025-01-20,1859.0,"(0, 6, 5)",1 year of data 2025 - 2026.xlsx,0-6-5
